{
  "10.1145/3481549.3481569": 0,
  "10.1145/3481549.3481553": 1,
  "10.1145/3481549.3481557": 2,
  "10.1145/3481549.3481563": 3,
  "10.1145/3481549.3481568": 4,
  "10.1145/3481549.3481570": 5,
  "10.1145/3481549.3481562": 6,
  "10.1145/3481549.3481560": 7,
  "10.1145/3481549.3481556": 8,
  "10.1145/3481549.3481554": 9,
  "10.1145/3481549.3481558": 10,
  "10.1145/3481549.3481564": 11,
  "10.1145/3481549.3481555": 12,
  "10.1145/3481549.3481566": 13,
  "10.1145/3481549.3481565": 14,
  "10.1145/3481549.3481550": 15,
  "10.1145/3481549.3481571": 16,
  "10.1145/3481549.3481573": 17,
  "10.1145/3481549.3481572": 18,
  "10.1145/3481549.3481559": 19,
  "10.1145/3481549.3481567": 20,
  "10.1145/3481549.3481551": 21,
  "10.1145/3481549.3481552": 22,
  "10.1145/3481549.3481561": 23,
  "10.1145/3430036.3430041": 24,
  "10.1145/3430036.3430054": 25,
  "10.1145/3430036.3430037": 26,
  "10.1145/3356422.3356433": 27,
  "10.1145/3356422.3356440": 28,
  "10.1145/3356422.3356439": 29,
  "10.1145/3231622.3231624": 30,
  "10.1145/3231622.3231626": 31,
  "10.1145/3231622.3231627": 32,
  "10.1145/3231622.3231628": 33,
  "10.1145/3231622.3231635": 34,
  "10.1145/3231622.3231637": 35,
  "10.1145/3231622.3231638": 36,
  "10.1145/3231622.3231623": 37,
  "10.1145/3231622.3231639": 38,
  "10.1145/3231622.3231630": 39,
  "10.1145/3231622.3231632": 40,
  "10.1145/3231622.3231633": 41,
  "10.1145/3231622.3231625": 42,
  "10.1145/3231622.3231641": 43,
  "10.1145/3231622.3232505": 44,
  "10.1145/3231622.3232508": 45,
  "10.1145/3231622.3232506": 46,
  "10.1145/3231622.3232504": 47,
  "10.1145/3231622.3231634": 48,
  "10.1145/3231622.3231636": 49,
  "10.1145/3231622.3231629": 50,
  "10.1145/3231622.3231640": 51,
  "10.1145/3231622.3232507": 52,
  "10.1145/3105971.3105972": 53,
  "10.1145/3105971.3105980": 74,
  "10.1145/3105971.3105983": 90,
  "10.1145/3105971.3105986": 106,
  "10.1145/3105971.3105975": 116,
  "10.1145/3105971.3105982": 141,
  "10.1145/3105971.3105981": 158,
  "10.1145/3105971.3105984": 165,
  "10.1145/3105971.3105987": 182,
  "10.1145/3105971.3105990": 196,
  "10.1145/3105971.3108443": 197,
  "10.1145/3105971.3108447": 198,
  "10.1145/3105971.3108450": 201,
  "10.1145/3105971.3108444": 204,
  "10.1145/3105971.3108442": 213,
  "10.1145/3105971.3108445": 216,
  "10.1145/3105971.3108446": 218,
  "10.1145/3105971.3108448": 219,
  "10.1145/3105971.3105992": 223,
  "10.1145/3105971.3108449": 229,
  "10.1145/3105971.3105977": 230,
  "10.1145/3105971.3105973": 245,
  "10.1145/3105971.3105989": 264,
  "10.1145/3105971.3105976": 271,
  "10.1145/3105971.3105978": 291,
  "10.1145/3105971.3105979": 311,
  "10.1145/3105971.3105988": 327,
  "10.1145/2968220.2968226": 348,
  "10.1145/2968220.2968229": 365,
  "10.1145/2968220.2968242": 374,
  "10.1145/2968220.2968221": 400,
  "10.1145/2968220.2968238": 412,
  "10.1145/2968220.2968224": 424,
  "10.1145/2968220.2968248": 437,
  "10.1145/2968220.2968230": 444,
  "10.1145/2968220.2968235": 463,
  "10.1145/2968220.2968236": 473,
  "10.1145/2968220.2968240": 499,
  "10.1145/2968220.2968241": 504,
  "10.1145/2968220.2968222": 521,
  "10.1145/2968220.2968223": 549,
  "10.1145/2968220.2968244": 565,
  "10.1145/2968220.2968246": 582,
  "10.1145/2968220.2968228": 595,
  "10.1145/2968220.2968232": 612,
  "10.1145/2968220.2968227": 613,
  "10.1145/2968220.2968231": 618,
  "10.1145/2968220.2968233": 619,
  "10.1145/2968220.2968237": 623,
  "10.1145/2968220.2968243": 625,
  "10.1145/2968220.2968245": 626,
  "10.1145/2968220.2972225": 640,
  "10.1145/2968220.2972226": 642,
  "10.1145/2968220.2968234": 645,
  "10.1145/2968220.2968249": 646,
  "10.1145/2801040.2801043": 657,
  "10.1145/2801040.2801055": 662,
  "10.1145/2801040.2801057": 684,
  "10.1145/2801040.2801048": 698,
  "10.1145/2801040.2801053": 714,
  "10.1145/2801040.2801059": 738,
  "10.1145/2801040.2801046": 740,
  "10.1145/2801040.2801044": 770,
  "10.1145/2801040.2801051": 776,
  "10.1145/2801040.2801058": 779,
  "10.1145/2801040.2801052": 816,
  "10.1145/2801040.2801061": 828,
  "10.1145/2801040.2801041": 852,
  "10.1145/2801040.2801049": 861,
  "10.1145/2801040.2801063": 869,
  "10.1145/2801040.2801045": 897,
  "10.1145/2801040.2801064": 925,
  "10.1145/2801040.2801042": 926,
  "10.1145/2801040.2801047": 927,
  "10.1145/2801040.2801050": 929,
  "10.1145/2801040.2801060": 932,
  "10.1145/2801040.2801066": 933,
  "10.1145/2801040.2801067": 934,
  "10.1145/2801040.2801069": 936,
  "10.1145/2801040.2801068": 937,
  "10.1145/2801040.2801070": 938,
  "10.1145/2801040.2801065": 941,
  "10.1145/2801040.2801071": 943,
  "10.1145/2801040.2801072": 947,
  "10.1145/2801040.2802138": 948,
  "10.1145/2636240.2636844": 950,
  "10.1145/2636240.2636850": 951,
  "10.1145/2636240.2636841": 964,
  "10.1145/2636240.2636858": 989,
  "10.1145/2636240.2636854": 1008,
  "10.1145/2636240.2636843": 1024,
  "10.1145/2636240.2636840": 1036,
  "10.1145/2636240.2636855": 1072,
  "10.1145/2636240.2636847": 1085,
  "10.1145/2636240.2636857": 1096,
  "10.1145/2636240.2636845": 1111,
  "10.1145/2636240.2636856": 1126,
  "10.1145/2636240.2636853": 1132,
  "10.1145/2636240.2636848": 1162,
  "10.1145/2636240.2636851": 1178,
  "10.1145/2636240.2636852": 1184,
  "10.1145/2636240.2636849": 1193,
  "10.1145/2636240.2636862": 1199,
  "10.1145/2636240.2636860": 1201,
  "10.1145/2636240.2636871": 1204,
  "10.1145/2636240.2636863": 1210,
  "10.1145/2636240.2636865": 1219,
  "10.1145/2636240.2636868": 1223,
  "10.1145/2636240.2636861": 1238,
  "10.1145/2636240.2636867": 1246,
  "10.1145/2636240.2636870": 1252,
  "10.1145/2636240.2636864": 1261,
  "10.1145/2636240.2636869": 1265,
  "10.1145/2636240.2636876": 1270,
  "10.1145/2636240.2636877": 1272,
  "10.1145/2636240.2636878": 1273,
  "10.1145/2636240.2636875": 1274,
  "10.1145/2636240.2636874": 1276,
  "10.1145/2636240.2636872": 1279,
  "10.1145/2636240.2636873": 1280,
  "10.1145/2493102.2493103": 1287,
  "10.1145/2493102.2493104": 1303,
  "10.1145/2493102.2493105": 1313,
  "10.1145/2493102.2493106": 1318,
  "10.1145/2493102.2493107": 1321,
  "10.1145/2493102.2493108": 1343,
  "10.1145/2493102.2493109": 1356,
  "10.1145/2493102.2493110": 1369,
  "10.1145/2493102.2493111": 1372,
  "10.1145/2493102.2493112": 1374,
  "10.1145/2493102.2493113": 1384,
  "10.1145/2493102.2493116": 1392,
  "10.1145/2493102.2493118": 1398,
  "10.1145/2493102.2493119": 1401,
  "10.1145/2493102.2493120": 1403,
  "10.1145/2493102.2493121": 1409,
  "10.1145/2493102.2493122": 1410,
  "10.1145/2493102.2493115": 1414,
  "10.1145/2493102.2499784": 1415,
  "10.1145/2493102.2499785": 1416,
  "10.1145/2493102.2499786": 1417,
  "10.1145/2493102.2499787": 1418,
  "10.1145/2397696.2397697": 1419,
  "10.1145/2397696.2397698": 1439,
  "10.1145/2397696.2397700": 1453,
  "10.1145/2397696.2397701": 1475,
  "10.1145/2397696.2397702": 1484,
  "10.1145/2397696.2397703": 1488,
  "10.1145/2397696.2397704": 1499,
  "10.1145/2397696.2397705": 1527,
  "10.1145/2397696.2397706": 1531,
  "10.1145/2397696.2397708": 1561,
  "10.1145/2397696.2397709": 1572,
  "10.1145/2397696.2397710": 1584,
  "10.1145/2397696.2397711": 1594,
  "10.1145/2397696.2397712": 1598,
  "10.1145/2016656.2016657": 1605,
  "10.1145/2016656.2016658": 1615,
  "10.1145/2016656.2016659": 1618,
  "10.1145/2016656.2016660": 1623,
  "10.1145/2016656.2016662": 1640,
  "10.1145/2016656.2016663": 1651,
  "10.1145/2016656.2016664": 1656,
  "10.1145/2016656.2016665": 1675,
  "10.1145/2016656.2016666": 1690,
  "10.1145/2016656.2016667": 1700,
  "10.1145/2016656.2016668": 1706,
  "10.1145/2016656.2016669": 1718,
  "10.1145/2016656.2016670": 1719,
  "10.1145/1865841.1865843": 1775,
  "10.1145/1865841.1865844": 1776,
  "10.1145/1865841.1865845": 1808,
  "10.1145/1865841.1865846": 1809,
  "10.1145/1865841.1865848": 1810,
  "10.1145/1865841.1865849": 1827,
  "10.1145/1865841.1865850": 1837,
  "10.1145/1865841.1865852": 1840,
  "10.1145/1865841.1865853": 1843,
  "10.1145/1865841.1865854": 1846,
  "10.1145/1865841.1865856": 1853,
  "10.1145/1865841.1865857": 1875,